False: Rail Tanker Stamped With 'COVID-19',https://www.boomlive.in/world/coronavirus/false-rail-tanker-stamped-with-covid-19-7397,Rail freight tanker is stamped with COVID-19.,FALSE,Social Media users,,FALSE
Australia's Department of Health did not issue a warning that 'using petrol pumps can spread COVID-19',https://factcheck.afp.com/australias-department-health-did-not-issue-warning-using-petrol-pumps-can-spread-covid-19,Australian hospitals issued a warning over petrol pumps’ role in COVID-19 spread,FALSE,Multiple sources,,FALSE
Fake Graphic Claims Amit Shah Tests Positive For Coronavirus,https://www.boomlive.in/fake-news/fake-graphic-claims-amit-shah-tests-positive-for-coronavirus-7393,Amit Shah tests positive for COVID-19,FALSE,Social Media,,FALSE
Corona Outbreak: Did Zimbabwe Police Beat Up Churchgoers?,https://www.boomlive.in/world/coronavirus/corona-outbreak-did-zimbabwe-police-beat-up-churchgoers-7392,Police in Zimbabwe beating churchgoers because their place of worship refused to close to prevent the spread of COVID-19,FALSE,Facebook,,FALSE
False claim circulates online that certain countries in Asia are using helicopters to spray 'COVID-19 disinfectant',https://factcheck.afp.com/false-claim-circulates-online-certain-countries-asia-are-using-helicopters-spray-covid-19,Air forces in Sri Lanka and the Philippines are spraying COVID-19 disinfectant from military helicopters,FALSE,Multiple sources,,FALSE
Did Millions of Canceled Cellphones Reveal Unreported ...,https://www.snopes.com/fact-check/china-cellphones-coronavirus/,A drop of 21 million cellphone subscribers in China in early 2020 documents that the death toll from COVID-19 was vastly underreported in that country.,Snopes.Unproven,,,unverified
VERA FILES FACT CHECK: Posts showing 'Italian army' moving COVID-19 corpses FALSELY use photos from France,https://verafiles.org/articles/vera-files-fact-check-posts-showing-italian-army-moving-covi,Photo shows army trucks in Italy carrying bodies of fatalities from coronavirus disease or COVID-19,FALSE,Multiple FB netizens,,FALSE
Viral audio falsely claims 59 positive coronavirus cases in Nagpur,https://www.altnews.in/fake-audio-clip-claims-59-people-test-positive-for-coronavirus-in-nagpur/,"Covid-19 positive cases in Nagapur reach 59, a team from Sweden coming to Nagpur to conduct tests",FALSE,Social Media,,FALSE
"VERA FILES FACT CHECK: FB posts about coronavirus dead in Italy MISLEAD with old, unrelated photo",https://verafiles.org/articles/vera-files-fact-check-fb-posts-about-coronavirus-dead-italy,FB post warning people to stay at home during COVID pandemic carries photo of coffins in 'Italy',Misleading,Multiple FB netizens,,FALSE
Fact Check: Viral post saying Italian PM surrendered to Covid-19 is fake,https://www.indiatoday.in/fact-check/story/fact-check-viral-post-saying-italian-pm-surrendered-to-covid-19-is-fake-1660310-2020-03-27,Italian PM said that the country has surrendered to the Covid-19 pandemic,Mostly false,Social media users,,FALSE
A vaccine for COVID-19 is not about to hit shelves,https://www.aap.com.au/a-vaccine-for-covid-19-is-not-about-to-hit-shelves/,A new vaccine for COVID-19 has been developed.,False - The primary claim of the content is false.,,,FALSE
VERA FILES FACT CHECK: Viral photo of newly-developed COVID-19 'vaccine' NOT TRUE; it's a testing kit,https://verafiles.org/articles/vera-files-fact-check-viral-photo-newly-developed-covid-19-v,Photo shows COVID-19 vaccine that can kill infection in three hours,FALSE,Multiple FB netizens,,FALSE
VERA FILES FACT CHECK: Viral photo of newly-developed COVID-19 'vaccine' NOT TRUE; it's a testing kit,https://verafiles.org/articles/vera-files-fact-check-viral-photo-newly-developed-covid-19-v,"American pharmaceutical company Roche Diagnostics will release COVID-19 vaccine ""on Sunday""",FALSE,Multiple FB netizens,,FALSE
VERA FILES FACT CHECK: FB post claiming Italy has 'no more doctors' FALSE,https://verafiles.org/articles/vera-files-fact-check-fb-post-claiming-italy-has-no-more-doc,Italy has run out of doctors amid COVID-19 pandemic,FALSE,FB netizen,,FALSE
Can a Cattle Vaccine Be Used To Fight COVID-19?,https://www.snopes.com/fact-check/cattle-vaccine-covid-19/,A vaccine meant for cattle can be used to fight COVID-19.,Snopes.False,,,FALSE
Will Lemons and Hot Water Cure or Prevent COVID-19?,https://www.snopes.com/fact-check/lemons-coronavirus/,Drinking hot water with lemons will cure or prevent COVID-19; drinking hot water with lemons and sodium bicarbonate will “alkalize the immune system” and cure or prevent COVID-19.,Snopes.False,,,FALSE
Fact Check: Can Tea Cure COVID-19? No!,https://thelogicalindian.com/fact-check/tea-cure-coronavirus-covid-19-whatsapp-forward-20328,Drinking tea can cure COVID-19,Misleading,WhatsApp Forward,,FALSE
Does COVID Stand for 'Chinese-Originated Viral Infectious Disease'?,https://www.snopes.com/fact-check/does-covid-stand-for/,"""COVID-19"" is named so because it is the 19th ""Chinese-Originated Viral Infectious Disease.""",Snopes.False,,,FALSE
This photo shows a COVID-19 test kit developed by a South Korean company,https://factcheck.afp.com/photo-shows-covid-19-test-kit-developed-south-korean-company,Picture shows COVID-19 vaccine developed by American scientists,FALSE,Multiple sources,,FALSE
This photo shows coffins for dead migrants after a boat capsized off the coast of Italy in 2013,https://factcheck.afp.com/photo-shows-coffins-dead-migrants-after-boat-capsized-coast-italy-2013,Picture shows those deceased from COVID-19 in Italy,FALSE,Multiple sources,,FALSE
Some fast-food chains turn away truckers at drive-thru windows. One has offered a solution,https://www.politifact.com/factchecks/2020/mar/26/facebook-posts/some-fast-food-chains-turn-away-truckers-drive-thr/,Says truck drivers are being turned away from fast-food restaurants during the COVID-19 pandemic.,Mostly True,Facebook posts,,TRUE
This video has circulated online since at least 2013 and shows people receiving Bibles,https://factcheck.afp.com/video-has-circulated-online-least-2013-and-shows-people-receiving-bibles,Video shows China lifts ban on Korans during COVID-19 pandemic,FALSE,Multiple sources,,FALSE
Iran's Misleading Denial That It's Spreading COVID-19 Conspiracies,https://www.polygraph.info/a/iran-s-misleading-denial-that-it-s-spreading-covid-19-conspiracies-/30511481.html,"“If @StateDept claims the mounting global questions about US role in #COVID19 pandemic are mere ""Iran-made conspiracy theories"", then US must answer some of these questions asked by the Global Research.”",POLYGRAPH.Misleading,Iran Foreign Ministry,,FALSE
"COVID-19 Still Without A Definitive Cure, Amid Clinical Trials",https://dubawa.org/covid-19-still-without-a-definite-cure-amid-clinical-trials/,A Facebook post asserts the US developed a COVID-19 vaccine she plans to release this Sunday.,"Currently, there are still no definitive and institutionalised vaccines for COVID-19; nonetheless, research persists and holds potential solutions.",,,unverified
'Mustard Oil' has health benefits but does not prevent COVID-19,https://factly.in/mustard-oil-has-health-benefits-but-does-not-prevent-covid-19/,Mustard oil prevents a person from getting infected with COVID-19,FALSE,SOCIAL MEDIA POST,,FALSE
VERA FILES FACT CHECK: FB post on Trump announcing launch of 'COVID-19 vaccine' NOT TRUE,https://www.verafiles.org/articles/vera-files-fact-check-fb-post-trump-announcing-launch-covid,Donald Trump announced that Roche Diagnostics will launch COVID-19 vaccine on Sunday,FALSE,FB netizen,,FALSE
FALSE: No Havana teacher has tested positive for COVID-19,https://namibiafactcheck.org.na/report/false-no-havana-teacher-has-tested-positive-for-covid-19/,"A post claiming that a teacher at a school in Havana, Windhoek, has tested positive for covid-19 has been circulating on social media platforms.","FALSE: No Havana, Windhoek, teacher has tested positive for COVID-19.",Viral social media post,,FALSE
Photo of ‘COVID-19’ rail tanker is not genuine,https://factcheck.afp.com/photo-covid-19-rail-tanker-not-genuine-0,A rail freight tanker had “COVID-19” stamped on one side,FALSE,Multiple sources,,FALSE
Did Amazon Solicit Donations to Help Pay Worker Sick Leave?,https://www.snopes.com/fact-check/amazon-donations-sick-leave/,Amazon solicited donations from the public to pay sick leave to contractors and seasonal workers during the COVID-19 pandemic.,Snopes.True,Multiple Sources,,TRUE
Fact Check: Viral lockdown phases to control Covid-19 have not ...,https://www.indiatoday.in/fact-check/story/fact-check-viral-lockdown-phases-control-covid-19-not-endorsed-who-1663542-2020-04-05,WHO has released “protocols and procedures” of lockdown periods to fight Covid-19.,Mostly false,Social media users,,FALSE
COVID-19: Couple Photographed At Spain Airport Shared As Deceased Italian Doctors,https://www.boomlive.in/fake-news/covid-19-couple-photographed-at-spain-airport-shared-as-deceased-italian-doctors-7362,Image shows Italian doctor couple sharing last few moments amid Covid-19 outbreak,FALSE,Facebook Posts,,FALSE
Was COVID-19 Created to Distract Us from a Doomsday Asteroid?,https://www.snopes.com/fact-check/coronavirus-doomsday-asteroid/,"After discovering a doomsday asteroid was approaching Earth, world leaders created the COVID-19 pandemic in an effort to distract the world population and force everyone to spend time with their families during Earth's final days.",Snopes.False,,,FALSE
"FAKE ALERT: Photo of couple shared as Covid-19-infected Italian doctors - Times of India,FAKE ALERT: Photo of couple shared as Covid-19-infected Italian doctors","https://m.timesofindia.com/times-fact-check/news/fake-alert-photo-of-couple-shared-as-covid-19-infected-italian-doctors/articleshow/74810496.cms,https://timesofindia.indiatimes.com/times-fact-check/news/fake-alert-photo-of-couple-shared-as-covid-19-infected-italian-doctors/articleshow/74810496.cms",Photo of Italian doctor couple who died after contracting Covid-19 infection,"Times of India(mob)False,False",Social media users,,FALSE
Fact Check: Can Anti-Malaria Drug Cure COVID-19?,https://thelogicalindian.com/fact-check/chloroquin-covid-19-anti-malaria-drug-20307,Chloroquine can 100% cure COVID-19,FALSE,Facebook Posts,,FALSE
False: Indonesian Doctor's Last Photo Before He Died Of COVID-19,https://www.boomlive.in/fake-news/false-indonesian-doctors-last-photo-before-he-died-of-covid-19-7352,"Image shows Indonesian doctor Hadio Ali, watching his family moments before he died of COVID-19",FALSE,Facebook pages,,FALSE
This Pakistani bank said no employees had tested positive for COVID-19 and its branches remained open,https://factcheck.afp.com/pakistani-bank-said-no-employees-had-tested-positive-covid-19-and-its-branches-remained-open,Staff test positive for COVID-19 at a Pakistani bank branch in Rawalpindi,FALSE,Multiple sources,,FALSE
The Philippines’ social security agency said this report about a COVID-19 benefit payment was 'fake news',https://factcheck.afp.com/philippines-social-security-agency-said-report-about-covid-19-benefit-payment-was-fake-news,Philippines to distribute $400 to social security members for COVID-19 outbreak,FALSE,Multiple sources,,FALSE
Indian authorities refute 'fake' claim about food markets closing in Chennai during COVID-19 lockdown,https://factcheck.afp.com/indian-authorities-refute-fake-claim-about-food-markets-closing-chennai-during-covid-19-lockdown,Food and vegetables markets closed in Chennai amid COVID-19 lockdown,FALSE,Multiple Sources,,FALSE
"No, the military doesn't have COVID-19 quarantine team Humvees in Michigan",https://www.politifact.com/factchecks/2020/mar/25/viral-image/no-military-doesnt-have-covid-19-quarantine-team-h/,A military Humvee labeled “COVID-19 quarantine team” was on Interstate 696 in Michigan.,FALSE,Viral image,,FALSE
This photo shows Brazil’s president getting emotional during a 2019 speech,https://factcheck.afp.com/photo-shows-brazils-president-getting-emotional-during-2019-speech,This photo shows the Italian president crying over COVID-19,FALSE,Multiple sources,,FALSE
Ronaldo Is NOT Transforming His Hotels To Hospitals,https://dubawa.org/ronaldo-is-not-transforming-his-hotels-to-hospitals/,A Twitter post claimed Christiano Ronaldo is transforming his string of hotels to hospitals; to aid in the fight against Covid-19.,"A spokesperson from the hotel denied the claim. Moreover, there is no such statement present on any of the footballer’s media accounts.",,,unverified
Yahaya Bello Did NOT Test Positive with COVID-19,https://dubawa.org/yahaya-bello-did-not-test-positive-with-covid-19/,A blog site claimed Yahaya Bello tested positive with COVID-19.,"There are no reports by the Nigerian Centre for Disease Control to corroborate the claim. Not to mention, Yahaya Bello, himself released a video debunking the claim. Moreover, the report format lacks credibility with no discernable details or source present.",News Report Nigeria,,FALSE
15 Senators Did NOT Test Positive for Covid-19,https://dubawa.org/15-senators-did-not-test-positive-for-covid-19/,A publication by Pearls news says 15 Nigerian senators has been tested positive for Covid-19.,"No Nigerian senator has tested positive for coronavirus, not according to the NCDC or any credible news platform. The Nigerian Centre for Disease Control remains the number one source on all updates to confirmed Covid-19 cases in the country.",Pearl News,,FALSE
Is the new coronavirus transmitted through Coca Cola?,https://teyit.org/en/is-the-new-coronavirus-transmitted-through-coca-cola/,CLAIM: They try to spread the new coronavirus (Covid-19) through Coca Cola.,Teyit.False,Sosyal Medya,,FALSE
Viral video misidentifies COVID-19 patient as Canadian PM’s wife,https://factcheck.afp.com/viral-video-misidentifies-covid-19-patient-canadian-pms-wife,Person in hospital bed with COVID-19 is Sophie Grégoire Trudeau,FALSE,Multiple sources,,FALSE
Viral WhatsApp voice note in Nigeria makes misleading claims about COVID-19 fatalities projections,https://factcheck.afp.com/viral-whatsapp-voice-note-nigeria-makes-misleading-claims-about-covid-19-fatalities-projections,COVID19 could kill 45 million Nigerians,FALSE,Multiple sources,,FALSE
Are People With Type-A Blood More Susceptible to COVID-19?,https://www.snopes.com/fact-check/blood-type-covid-19/,People with Type-A blood are more susceptible to COVID-19.,Snopes.Unproven,,,unverified
It has not been confirmed that Joe Exotic has COVID-19,https://www.politifact.com/factchecks/2020/apr/03/blog-posting/it-has-not-been-confirmed-joe-exotic-has-covid-19/,“Joe Exotic tests positive for coronavirus in prison. It’s been confirmed.”,FALSE,Bloggers,,FALSE
Misinformation on COVID-19 Death Protocols in New York,https://www.factcheck.org/2020/04/misinformation-on-covid-19-death-protocols-in-new-york/,"In New York, ""every contaminated corpse"" of those who died from COVID-19 ""belongs to the state"" and will be incinerated without any ""wakes or memorial services to pay your last respects.""",FactCheck.False,Social media posts,,FALSE
Hospital beds being kept empty to prepare for COVID-19 influx,https://www.politifact.com/factchecks/2020/apr/03/facebook-posts/hospital-beds-being-kept-empty-prepare-covid-influ/,Pictures and reports of “empty hospitals” prove COVID-19 spread is “fake crisis for real government planned agendas.”,FALSE,Facebook posts,,FALSE
Fact Check: COVID-19 Vaccine Now Commercially Available?,https://thelogicalindian.com/fact-check/covid-19-testing-kit-vaccine-20296,Vaccine for COVID-19 is now available,FALSE,WhatsApp Forward,,FALSE
Fact Check: False Claim On Novel Coronavirus's Viability In Air Attributed To CNBC Goes Viral,https://thelogicalindian.com/fact-check/covid-19-cnbc-myths-20290,CNBC has reported that COVID-19 survives in the air for 8 hours; paper and plastic for 3-4 hours,Misleading,WhatsApp Forward,,FALSE
"Post compares number of abortions to COVID-19, flu deaths using flawed numbers",https://www.politifact.com/factchecks/2020/mar/24/facebook-posts/post-leans-flawed-numbers-compare-number-abortions/,"""U.S. deaths since 1/22 (2020): COVID-19: 27, flu, 4,700; abortion: 118,000.""",Mostly False,Facebook posts,,FALSE
"Posts Distort Facts on Coronavirus Air Transmission, Masks",https://www.factcheck.org/2020/03/posts-distort-facts-on-coronavirus-air-transmission-masks/,"""COVID-19 is confirmed as airborne and remain 8 hrs in air! So everyone is required to wear mask everywhere!""",FactCheck.Distorts the Facts,Facebook posts,,FALSE
Health experts refute misleading 'timeline' of COVID-19 symptoms,https://factcheck.afp.com/health-experts-refute-misleading-timeline-covid-19-symptoms,Infographic shows timeline of COVID-19 symptoms,Misleading,Multiple sources,,FALSE
Indian health authorities refute myth that juiced vegetables can cure COVID-19,https://factcheck.afp.com/indian-health-authorities-refute-myth-juiced-vegetables-can-cure-covid-19,"Drinking vegetable juice, bitter gourd, can cure COVID-19",FALSE,Mutliple Sources,,FALSE
Did Uninsured Teen Die of COVID-19 After Being Denied Treatment?,https://www.snopes.com/fact-check/teen-insurance-coronavirus/,An uninsured 17-year-old boy died of COVID-19 symptoms after being refused care due to a lack of medical insurance.,Snopes.Mixture,Multiple Sources,,FALSE
This is a scam and is not from the government,https://fullfact.org/online/coronavirus-phishing-scam/,"A scam is asking people to input the personal details, including bank details, to receive “Covid-19 Relieve.”",This is correct. This is a scam and should not be interacted with.,,,TRUE
VERA FILES FACT CHECK: Report on Japan developing 'effective' COVID-19 medicine NEEDS CONTEXT,https://www.verafiles.org/articles/vera-files-fact-check-report-japan-developing-effective-covi,Japanese drug Avigan is effective medicine against COVID-19,Needs Context,Maniladailynewsweb.com,,unverified
These numbers about Covid-19 deaths in the UK and Italy are broadly accurate,https://fullfact.org/online/deaths-covid-19-uk-italy/,"The total number of deaths from Covid-19 in Italy rose from 233 to 4,032 over about two weeks.","Correct. As reported by the Italian government, the number of deaths from Covid-19 rose from 233 on 7 March to 4,032 on 20 March.",Facebook user,,TRUE
VERA FILES FACT CHECK: Report on Japan developing 'effective' COVID-19 medicine NEEDS CONTEXT,https://www.verafiles.org/articles/vera-files-fact-check-report-japan-developing-effective-covi,Japanese drug Avigan is effective medicine against COVID-19,Needs Context,Netizenexpress.online,,unverified
"Kerala Government has asked NABARD for a loan of Rs 2,000 crore, not Rs 20,000 crore",https://factly.in/kerala-government-has-asked-nabard-for-a-loan-of-rs-2000-crore-not-rs-20000-crore/,"Kerala has asked NABARD for a loan of Rs 20,000 crore to deal with COVID-19",FALSE,SOCIAL MEDIA POST,,FALSE
CEOs did not leave their jobs in anticipation of COVID-19,https://www.aap.com.au/ceos-did-not-leave-their-jobs-in-anticipation-of-covid-19/,A Facebook post claims that a group of CEOs left their positions ahead of the COVID-19 pandemic.,False – The primary claims of the content are false.,A Facebook user,,FALSE
These numbers about Covid-19 deaths in the UK and Italy are broadly accurate,https://fullfact.org/online/deaths-covid-19-uk-italy/,"The total number of deaths from Covid-19 in the UK is now at 233, the same number of deaths reported in Italy about two weeks ago.","Correct. On 21 March, Public Health England reported a total of 233 deaths in the UK from Covid-19. However, not enough is known to say whether the number of deaths will grow at the same rate in the UK as in Italy.",Facebook user,,TRUE
Does the new coronavirus hold onto the throat for four days before going down to the lungs?,https://teyit.org/en/does-the-new-coronavirus-hold-onto-the-throat-for-four-days-before-going-down-to-the-lungs/,"CLAIM: The new coronavirus (Covid-19) holds onto the throat for four days before going down to the lungs. The virus can be prevented by gargling with salt, hot water, and vinegar.",Teyit.False,Sosyal Medya,,FALSE
Is Teens Coughing on Produce a 'Disturbing Trend' in the US?,https://www.snopes.com/fact-check/coughing-on-produce/,Youngsters deliberately coughing on produce in grocery stores during the COVID-19 pandemic is a nationwide trend in the U.S.,Snopes.False,,,FALSE
Did Kim Jong Un Order North Korea's First Coronavirus Patient To Be Executed?,https://www.snopes.com/fact-check/kim-jong-shot-coronavirus-patient/,North Korea leader Kim Jong Un ordered his country's first COVID-19 patient to be shot dead.,Snopes.Unproven,Multiple Sources,,unverified
Message Claiming Coronavirus Can Last Up To 8 Hours In Air Is Misleading,https://www.boomlive.in/fake-news/message-claiming-coronavirus-can-last-up-to-8-hours-in-air-is-misleading-7328,CNBC claims COVID-19 survives in air for 8 hours; paper and plastic for 3-4 hours,FALSE,A WhatsApp message,,FALSE
"Lemon Juice Tea Does Not Cure COVID-19 in Israel, or Anywhere ...",https://www.factcheck.org/2020/04/lemon-juice-tea-does-not-cure-covid-19-in-israel-or-anywhere-else/,"""Everyone in Israel drinks a cup of hot water with lemon and a little baking soda at night, as this is proven to kill"" coronavirus, and has prevented COVID-19 deaths in Israel.",FactCheck.False,Facebook posts,,FALSE
Did Russia Release 500 Lions To Enforce COVID-19 Lockdown?,https://www.snopes.com/fact-check/russia-release-lions-coronavirus/,Russia released more than 500 lions to make sure that people stay inside during the COVID-19 pandemic.,Snopes.False,,,FALSE
No reports Queen Elizabeth tested positive for COVID-19,https://www.politifact.com/factchecks/2020/apr/02/blog-posting/no-reports-queen-elizabeth-tested-positive-covid-1/,“Queen Elizabeth tests positive for COVID-19.”,FALSE,Bloggers,,FALSE
FAKE ALERT: Photo of Covid-19 test kits shared as its vaccine,https://timesofindia.indiatimes.com/times-fact-check/news/fake-alert-photo-of-covid-19-test-kits-shared-as-its-vaccine/articleshow/74774434.cms,Covid-19 testing kit shared as vaccine,FALSE,WhatsApp users,,FALSE
Was COVID-19 Discovered in the US and South Korea on the Same Day?,https://www.snopes.com/fact-check/covid-19-discovered-us-south-korea/,The first cases of COVID-19 were reported in the United States and South Korea on the same day.,Snopes.True,Multiple Sources,,TRUE
Did A US Biotech Company Already Develop A COVID-19 Vaccine?,https://www.boomlive.in/world/coronavirus/did-a-us-biotech-company-already-develop-a-covid-19-vaccine-7372,A US biotech company has successfully created a vaccine for COVID-19,FALSE,Facebook,,FALSE
US biotech company says its COVID-19 vaccine is in the development phase,https://factcheck.afp.com/biotech-company-inovio-pharmaceuticals-says-its-vaccine-development-phase-and-still-requires-human,US Pharmaceutical develops vaccine for COVID-19 in 3 hours,Misleading,Multiple sources,,FALSE
This video has been doctored -- it does not feature the voice of Chinese businessman Jack Ma,https://factcheck.afp.com/video-has-been-doctored-it-does-not-feature-voice-chinese-businessman-jack-ma,Video shows Jack Ma praising China’s response to COVID-19 in speech,FALSE,Multiple sources,,FALSE
"Breathing In Hot Air From Sauna, Hair Dryer Does Not Treat COVID-19",https://www.boomlive.in/world/breathing-in-hot-air-from-sauna-hair-dryer-does-not-treat-covid-19-7323,Breathing in hot air from a hair dryer or in a sauna can prevent or cure COVID-19.,FALSE,"YouTube videos, Social Media users",,FALSE
This video has been doctored -- it does not feature the voice of Chinese businessman Jack Ma,https://factcheck.afp.com/video-has-been-doctored-it-does-not-feature-voice-chinese-businessman-jack-ma,Video shows Jack Ma praising China’s response to COVID-19 in speech,FALSE,Multiple sources,,FALSE
"Breathing In Hot Air From Sauna, Hair Dryer Does Not Treat COVID-19",https://www.boomlive.in/world/breathing-in-hot-air-from-sauna-hair-dryer-does-not-treat-covid-19-7323,Breathing in hot air from a hair dryer or in a sauna can prevent or cure COVID-19.,FALSE,"YouTube videos, Social Media users",,FALSE
Did the TV Show 'My Secret Terrius' Predict Coronavirus?,https://www.snopes.com/fact-check/secret-terrius-predict-covid19/,"The television show ""My Secret Terrius"" predicted the 2020 COVID-19 outbreak.",Snopes.False,,,FALSE
Post saying new coronavirus stays in the air for 8 hours is false,https://www.politifact.com/factchecks/2020/apr/02/facebook-posts/fact-checking-claims-say-covid-19-airborne/,Says COVID-19 remains in the air for eight hours and that everyone is now required to wear masks “everywhere.”,FALSE,Facebook posts,,FALSE
Indian authorities refute 'fake' advisory which claimed disinfectant would be sprayed across India to tackle COVID-19,https://factcheck.afp.com/indian-authorities-refute-fake-advisory-which-claimed-disinfectant-would-be-sprayed-across-india,Residents in India to stay indoors during nighttime COVID-19 disinfectant spraying,FALSE,Multiple Sources,,FALSE
This image has circulated in reports about China testing a potential COVID-19 vaccine that has not been approved by health authorities,https://factcheck.afp.com/image-has-circulated-reports-about-china-testing-potential-covid-19-vaccine-has-not-been-approved,China develops COVID-19 vaccine,Misleading,Multiple sources,,FALSE
Did Johns Hopkins Publish This 'Excellent Summary' of COVID-19 ...,https://www.snopes.com/fact-check/johns-hopkins-covid-summary/,"Johns Hopkins University published this ""excellent summary"" on avoiding COVID-19.",Snopes.Misattributed,Multiple Sources,,FALSE
Does George Soros Own a Lab That 'Developed' COVID-19?,https://www.snopes.com/fact-check/soros-wuhan-lab/,"Financier George Soros owns the lab in Wuhan, China, where the COVID-19 coronavirus disease was ""developed.""",Snopes.False,,,FALSE
This graphic with a purported quote from Philippine Vice President Leni Robredo has been doctored,https://factcheck.afp.com/graphic-purported-quote-philippine-vice-president-leni-robredo-has-been-doctored,Genuine graphic quoting Philippine vice president Leni Roberdo on COVID-19 response,FALSE,Multiple sources,,FALSE
Was a 5G Tower Torn Down in China To Stop COVID-19?,https://www.snopes.com/fact-check/5g-tower-torn-down-china-covid/,A video shows people in China tearing down a 5G tower in an attempt to stop the spread of COVID-19 coronavirus disease.,Snopes.Miscaptioned,Multiple Sources,,FALSE
VERA FILES FACT CHECK: Post on Kiko Pangilinan asking gov't to exempt kids from 'total lockdown' NOT TRUE,https://verafiles.org/articles/vera-files-fact-check-post-kiko-pangilinan-asking-govt-exemp,Kiko Pangilinan called on the Philippine government to exempt children from total lockdown during COVID-19 emergency,Fake,Multiple netizens,,FALSE
"Trucks were in France, not Italy; presence isn't virus related",https://www.factrakers.org/post/trucks-were-in-france-not-italy-and-not-virus-related,Photo shows trucks in Italy to transport COVID-19 corpses,Misleading,Blessed Be Philippines,,FALSE
VERA FILES FACT CHECK: 'Memo' of US hospital to drink alcohol to 'reduce risk' of COVID-19 FAKE,https://verafiles.org/articles/vera-files-fact-check-memo-us-hospital-drink-alcohol-reduce,Consuming alcoholic beverages may help reduce the risk of infection of COVID-19,Fake,Multiple netizens,,FALSE
Photo of a COVID-19 diagnostic test kit is being falsely shared as COVID-19 vaccine,https://factly.in/photo-of-a-covid-19-diagnostic-test-kit-is-being-falsely-shared-as-covid-19-vaccine/,Photo of a vaccine developed by US scientists for COVID-19,FALSE,SOCIAL MEDIA POST,,FALSE
"Pictures of Italy's 'crying president,” COVID-19 coffins false",https://www.factrakers.org/post/pictures-of-italy-s-crying-president-covid-19-coffins-false,Photos show 'crying president of Italy' and coffins of Italy's COVID-19 victims,FALSE,Rody Duterte Update,,FALSE
VERA FILES FACT CHECK: Story on SSS giving members P20k amid COVID-19 outbreak NOT TRUE,https://verafiles.org/articles/vera-files-fact-check-story-sss-giving-members-p20k-amid-cov,"Philippines' Social Security System or SSS will give P20,000 to each of its members as financial aid during COVID-19 outbreak",FALSE,Randomnames.club,,FALSE
VERA FILES FACT CHECK: FB post on countries drafting military for 'public order' MISLEADS with inaccurate photos,https://verafiles.org/articles/vera-files-fact-check-fb-post-countries-drafting-military-pu,"Photos show military was drafted to maintain public order during COVID-19 outbreak in USA, South Korea, India, China, Japan, Vietnam, and Iran",Misleading,FB netizen,,FALSE
Fact Check: False message of Assam lockdown goes viral amid Covid-19 scare,https://www.indiatoday.in/fact-check/story/fact-check-false-message-of-assam-lockdown-goes-viral-amid-covid-19-scare-1658824-2020-03-23,Assam has been completely locked down due to Covid-19,FALSE,Social media users,,FALSE
The woman in the video is neither Canada PM's wife nor belongs to Surat,https://factly.in/the-woman-in-the-video-is-neither-canada-pms-wife-nor-belongs-to-surat/,Video of Canada PM Justin Trudeau’s wife pleading people to take COVID-19 seriously,FALSE,SOCIAL MEDIA POST,,FALSE
VERA FILES FACT CHECK: FB post on countries drafting military for 'public order' MISLEADS with inaccurate photos,https://verafiles.org/articles/vera-files-fact-check-fb-post-countries-drafting-military-pu,"Photos show military was drafted to maintain public order during COVID-19 outbreak in USA, South Korea, India, China, Japan, Vietnam, and Iran",Misleading,FB netizen,,FALSE
Fact Check: Image of Covid-19 testing kit passed off as vaccine on social media,https://www.indiatoday.in/fact-check/story/covid-19-testing-kit-fact-check-coronavirus-1658750-2020-03-23,Vaccines to cure Covid-19 are ready,Mostly false,Social media users,,FALSE
View article,https://factcheck.afp.com/who-did-not-warn-against-eating-cabbage-during-covid-19-pandemic,World Health Organization warns against eating cabbage during COVID-19 pandemic,FALSE,Multiple Sources,,FALSE
View article,https://fullfact.org/online/video-supposedly-showing-covid-19-patients-st-marys-hospital-london-was-actually-filmed-madrid/,"A video shows overcrowding in St Mary’s Hospital, London and Covid-19 patients lying on the floor in corridors.","Incorrect, the clip is actually two videos filmed in hospitals in Madrid in mid-March.",,,FALSE
"Fact check: No, Woman Talking About Coronavirus In Viral Video Is Not Sophie Trudeau, Wife Of Canada's PM",https://thelogicalindian.com/fact-check/canada-pm-wife-covid-19-coronavirus-postive-test-20266,"A woman suffering from COVID-19, seen in viral video is Sophie Grégoire Trudeau, wife of Canadian PM Justin Trudeau.",FALSE,Facebook posts,,FALSE
Will Eating Bananas Prevent Coronavirus Infection?,https://www.snopes.com/fact-check/bananas-coronavirus/,Eating bananas is a preventative against the COVID-19 coronavirus disease.,Snopes.False,,,FALSE
Fact Check: Has the Covid-19 lockdown returned dolphins and swans to Italian waterways?,https://www.indiatoday.in/fact-check/story/has-covid19-lockdown-returned-dolphins-swans-italian-waterways-1658457-2020-03-22,Dolphins and swans return to Italy waterways after Covid-19 lockdown.,Mostly false,Twitter and WhatsApp users,,FALSE
Did COVID-19 Positive Kanika Kapoor Take A Selfie With The PM? A FactCheck,https://www.boomlive.in/fake-news/did-covid-19-positive-kanika-kapoor-take-a-selfie-with-the-pm-a-factcheck-7304,"Image shows PM Narendra Modi meeting Kanika Kapoor, while the latter was infected with COVID-19 coronavirus.",FALSE,"Twitter, Facebook",,FALSE
Dated Photo Showing Rows Of Coffins Shared As Coronavirus-Hit Italy,https://www.boomlive.in/coronavirus-outbreak/dated-photo-showing-rows-of-coffins-shared-as-coronavirus-hit-italy-7306,Image shows dead bodies of COVID-19 patients in Italy,FALSE,Facebook,,FALSE
"FAKE ALERT: No, this woman is not Canadian PM Justin Trudeau's wife",https://timesofindia.indiatimes.com/times-fact-check/news/fake-alert-no-this-woman-is-not-canadian-pm-justin-trudeaus-wife/articleshow/74742995.cms,Justin Trudeau's wife Sophie Trudeau films herself from ICU after testing positive for Covid-19,FALSE,Social media users,,FALSE
Video of COVID-19 patient from London shared as Surat woman who recently tested postive,https://www.altnews.in/video-of-covid-19-patient-from-london-shared-as-surat-woman-who-recently-tested-postive/,Video of an emotional appeal by the COVID-19 patient in Surat who had returned from London,FALSE,social media users,,FALSE
Was the medicine found for the coronavirus in Ghana? - teyit.org,https://teyit.org/en/was-the-medicine-found-for-the-coronavirus-in-ghana/,CLAIM: The medicine for the treatment of the new coronavirus (Covid-19) was found in Ghana.,Teyit.False,İhlas Haber Ajansı,,FALSE
Did Coronavirus Vaccine Story Run Same Day as Reports of Kobe's Death?,https://www.snopes.com/fact-check/coronavirus-cure-bryant/,USA Today published a front-page article about the development of a COVID-19 vaccine the same day Kobe Bryant's death was reported.,Snopes.True,,,TRUE
No Evidence to Back COVID-19 Ibuprofen Concerns,https://www.factcheck.org/2020/03/no-evidence-to-back-covid-19-ibuprofen-concerns/,"“Information from Vienna’s laboratory studying COVID-19 say vast majority of people who died had ibuprofen/Advil in their system so do not take it!!""",FactCheck.False,Social media,,FALSE
UNHCR condemns fake notice which claimed refugees in Malaysia are resisting COVID-19 tests,https://factcheck.afp.com/unhcr-condemns-fake-notice-which-claimed-refugees-malaysia-are-resisting-covid-19-tests,UNHCR says refugees in Malaysia are resisting COVID-19 tests,FALSE,Multiple sources,,FALSE
This photo does not show the pilot who tested positive after visiting a cricket game in Sri Lanka,https://factcheck.afp.com/photo-does-not-show-pilot-who-tested-positive-after-visiting-cricket-game-sri-lanka,Picture shows Sri Lankan pilot tested positive for COVID-19,Misleading,Multiple sources,,FALSE
Did Nostradamus Predict the COVID-19 Pandemic?,https://www.snopes.com/fact-check/nostradamus-covid-19/,A meme replicates a Nostradamus prophecy foretelling the 2020 COVID-19 coronavirus disease pandemic.,Snopes.False,,,FALSE
Another false claim of robbers posing as COVID-19 testers,https://www.politifact.com/factchecks/2020/mar/30/facebook-posts/another-false-claim-robbers-posing-covid-19-tester/,"Says imposters in hazmat suits are going door to door in Stockton, Calif., saying they are checking residents for fever or COVID-19, but they “will enter your home and physically attempt robbery.”",FALSE,Facebook posts,,FALSE
"Novel coronavirus could live up to 3 days, depending on the surface",https://www.politifact.com/factchecks/2020/mar/20/facebook-posts/covid-19-could-live-3-days-depending-surface/,"2019 coronavirus can live for ""up to 3 hours in the air, up to 4 hours on copper, up to 24 hours on cardboard up to 3 days on plastic and stainless steel.”",Mostly True,Facebook posts,,TRUE
The Indian government said there is no free mask scheme in place -- the claim was published on a fraudulent website,https://factcheck.afp.com/indian-government-said-there-no-free-mask-scheme-place-claim-was-published-fraudulent-website,Indian government distributing free face masks during COVID-19 pandemic,FALSE,Mutliple Sources,,FALSE
This video was made by a UK public hospital trust in 2010 about infections in hospitals,https://factcheck.afp.com/video-was-made-uk-public-hospital-trust-2010-about-infections-hospitals,Candian health authority issues video on COVID-19 transmission,FALSE,Multiple sources,,FALSE
View article,https://factcheck.afp.com/no-evidence-drinking-tea-can-cure-or-relieve-symptoms-covid-19-doctors-say,Tea can cure or alleviate novel coronavirus (COVID-19) infection,FALSE,Multiple sources,,FALSE
Fact Check: Can Houseflies Spread COVID-19?,https://thelogicalindian.com/fact-check/houseflies-covid-19-coronavirus-amitabh-bachchan-20372,Novel coronavirus can be transmitted by houseflies.,Misleading,Amitabh Bachchan,,FALSE
No medicine will be sprayed in the air to kill coronavirus; fake message viral,https://www.altnews.in/no-medicine-will-be-sprayed-in-the-air-to-kill-coronavirus-fake-message-viral/,Government to spray medicine at night after 10 PM to kill the COVID-19,FALSE,social media users,,FALSE
List of symptoms and how to prevent the new coronavirus contains inaccuracies,https://fullfact.org/online/coronavirus-claims-symptoms-prevention-viral/,"If you have a runny nose and sputum, you have a common cold, not Covid-19.","These are the symptoms for the common cold, but they don’t rule out Covid-19.",Facebook user,,FALSE
Image of coffins not of COVID-19 fatalities in Italy,https://www.factrakers.org/post/image-of-coffins-not-of-covid-19-fatalities-in-italy,Photo shows coffins of COVID-19 fatalities in Italy,Misleading: The photo was taken in 2013 of coffins of African asylum seekers,Infografix,,FALSE
Viral posts sharing symptoms and treatments for Covid-19 contain false information,https://fullfact.org/online/viral-posts-sharing-symptoms-and-treatments-covid-19-contain-false-information/,"Covid-19 starts with a sore throat lasting 3-4 days. It then blends into a nasal fluid that enters the trachea and the lungs, causing pneumonia, which takes about 5 or 6 days. With pneumonia comes high fever and difficulty breathing. The nasal congestion makes you feel like you’...","This is a roughly accurate description of the most common symptoms, although not everyone with Covid-19 gets pneumonia. The symptoms may not come in this order or at these times. There have been no reports of sufferers experiencing nasal congestion that makes them feel they are drowning.",,,TRUE
View article,https://factcheck.afp.com/singapores-ministry-health-says-it-did-not-issue-guidelines-first-symptoms-covid-19,This is an advisory issued by Singapore’s Ministry of Health about the first symptoms of novel coronavirus or COVID-19,FALSE,Multiple Posts,,FALSE
"Hot air from saunas, hair dryers won’t prevent or treat COVID-19",https://factcheck.afp.com/hot-air-saunas-hair-dryers-wont-prevent-or-treat-covid-19,Breathing hot air from a hair dryer or in a sauna can prevent or cure COVID-19,FALSE,Multiple sources,,FALSE
Video of 2019 protest in Azerbaijan shared as Spanish police ...,https://www.altnews.in/video-of-2019-protest-in-azerbaijani-shared-as-spanish-police-excess-during-covid-19-lockdown/,How lockdown is executed in Spain or the USA,FALSE,Social Media,,FALSE
View article,https://fullfact.org/online/good-news-coronavirus/,Three Maryland coronavirus patients fully recovered and are able to return to everyday life.,"Correct. On 13 March 2020, Montgomery County, Maryland confirmed that three residents who previously had the virus no longer tested positive.",facebook user,,TRUE
View article,https://fullfact.org/online/good-news-coronavirus/,The number of new cases in South Korea is declining.,"This was correct when the viral post began to appear. Reported new cases declined from their peak in late February, and have been roughly level since mid-March",facebook user,,TRUE
View article,https://fullfact.org/online/good-news-coronavirus/,Apple has reopened all 42 China stores.,"Correct. On 13 March 2020, Apple announced that it had reopened all 42 stores in mainland China after a closure of almost six weeks.",Facebook user,,TRUE
View article,https://fullfact.org/online/good-news-coronavirus/,"Doctors in India have been successful in treating coronavirus with a combination of drugs (Lopinavir, Retonovir, Oseltamivir along with Chlorphenamine) and are going to suggest the same medicine globally.","India’s ministry of health has advised that the anti-HIV drugs, Lopinavir and Retonovir, are used in some groups of Covid-19 patients. But it is unclear how successful this treatment has been. The other two drugs from the claim are not mentioned in their guidance.",Facebook user,,unverified
View article,https://fullfact.org/online/good-news-coronavirus/,Researchers at the Erasmus Medical Center claim to have found an antibody against coronavirus.,"Researchers in the Netherlands have released research, which has not yet been peer-reviewed, on an antibody against the new coronavirus.",Facebook user,,unverified
View article,https://fullfact.org/online/good-news-coronavirus/,China has closed down its last coronavirus hospital. Not enough new cases to support them.,This is correct. The last hospitals closed at the start of March 2020.,Facebook user,,TRUE
View article,https://fullfact.org/online/good-news-coronavirus/,"A 103 year-old Chinese grandmother has made a full recovery from Covid-19 after being treated for 6 days in Wuhan, China",This has been widely reported in the media.,Facebook user,,TRUE
View article,https://fullfact.org/online/good-news-coronavirus/,"Italy is hit hard, experts say, only because they have the oldest population in Europe.","Whilst it is true that an older population has contributed to a high number of deaths in Italy, it may not be the sole reason.",facebook user,,TRUE
View article,https://fullfact.org/online/good-news-coronavirus/,Scientists in Israel are likely to announce the development of a coronavirus vaccine.,"Scientists in Israel and elsewhere are working on developing a vaccination to prevent the spread of the new coronavirus, but it won’t be ready for the public for over a year.",facebook user,,TRUE
View article,https://fullfact.org/online/good-news-coronavirus/,"Tulsa County's first positive Covid-19 case has recovered. This individual has had two negative tests, which is the indicator of recovery.","Correct, this patient has recovered according to official Tulsa County sources. Two negative tests is one of three official indicators of recovery among people with Covid-19 (who showed symptoms).",,,TRUE
View article,https://fullfact.org/online/good-news-coronavirus/,The number of new cases in South Korea is declining.,"This was correct when the viral post began to appear. Reported new cases declined from their peak in late February, and have been roughly level since mid-March",facebook user,,TRUE
View article,https://fullfact.org/online/good-news-coronavirus/,Apple has reopened all 42 China stores.,"Correct. On 13 March 2020, Apple announced that it had reopened all 42 stores in mainland China after a closure of almost six weeks.",Facebook user,,TRUE
View article,https://fullfact.org/online/good-news-coronavirus/,Three Maryland coronavirus patients fully recovered and are able to return to everyday life.,"Correct. On 13 March 2020, Montgomery County, Maryland confirmed that three residents who previously had the virus no longer tested positive.",facebook user,,TRUE
View article,https://fullfact.org/online/good-news-coronavirus/,Plasma from newly recovered patients from Covid -19 can treat others infected by Covid-19.,"This is being used as a treatment in some countries, but clinical trials have not yet proved that this is effective.",Facebook user,,unverified
View article,https://fullfact.org/online/good-news-coronavirus/,A network of Canadian scientists are making excellent progress in Covid-19 research.,At least one group of Canadian scientists has recently announced some progress in understanding Covid-19.,facebook user,,TRUE
View article,https://fullfact.org/online/good-news-coronavirus/,"Cleveland Clinic developed a Covid-19 test that gives results in hours, not days.","This is incorrect. The clinic announced that it is able to speed up Covid-19 testing after developing the ability to test on-site, but it had not developed a new test.",Facebook user,,FALSE
View article,https://fullfact.org/online/good-news-coronavirus/,A San Diego biotech company is developing a Covid-19 vaccine in collaboration with Duke University and National University of Singapore.,"This is correct. The company, Arcturus Therapeutics, announced on 4 March 2020 that it would be working on a vaccine with DukeNUS Medical School in Singapore.",facebook user,,TRUE
Coronavirus: Notification On Movement Restrictions Is Not From India,https://www.boomlive.in/fake-news/coronavirus-notification-on-movement-restrictions-is-not-from-india-7280,Press Release By PMO India On Restriction Of Movement Due To COVID-19 Outbreak,FALSE,Social Media,,FALSE
Conspiracy theory falsely connects George Soros to COVID-19,https://www.politifact.com/factchecks/2020/mar/19/facebook-posts/conspiracy-theory-falsely-connects-george-soros-co/,"""George Soros owns the WuXi PHARMA LAB located in Wuhan, China where COVID-19 was developed and conveniently Broke Out.""",FALSE,Facebook posts,,FALSE
The Philippine Department of Health says it did not issue this advisory,https://factcheck.afp.com/philippine-department-health-says-it-did-not-issue-advisory,Genuine Philippine Department of Health advisory states clinics will turn away people showing COVID-19 symptoms,FALSE,Multiple sources,,FALSE
No truth to report about robbers posing as coronavirus testers,https://www.politifact.com/factchecks/2020/mar/19/facebook-posts/no-truth-report-about-robbers-posing-coronavirus-t/,“People are going door to door in Colorado Springs stating they are COVID testing so they can rob people!!!!”,FALSE,Facebook posts,,FALSE
These photos show India’s annual cow dung festival in October 2019 -- weeks before the coronavirus outbreak,https://factcheck.afp.com/these-photos-show-indias-annual-cow-dung-festival-october-2019-weeks-coronavirus-outbreak,Photos show people in India bathing in cow dung to prevent COVID-19 infection,FALSE,Multiple Sources,,FALSE
Conspiracy theory falsely connects George Soros to COVID-19,https://www.politifact.com/factchecks/2020/mar/19/facebook-posts/conspiracy-theory-falsely-connects-george-soros-co/,"""George Soros owns the WuXi PHARMA LAB located in Wuhan, China where COVID-19 was developed and conveniently Broke Out.""",FALSE,Facebook posts,,FALSE
These photos show India’s annual cow dung festival in October 2019 -- weeks before the coronavirus outbreak,https://factcheck.afp.com/these-photos-show-indias-annual-cow-dung-festival-october-2019-weeks-coronavirus-outbreak,Photos show people in India bathing in cow dung to prevent COVID-19 infection,FALSE,Multiple Sources,,FALSE
"Manufacturers say 'free baby formula' offer is a hoax, after coronavirus sparks panic buying",https://factcheck.afp.com/manufacturers-say-free-baby-formula-offer-hoax-after-coronavirus-sparks-panic-buying,You can call the phone number on the back of a baby formula product to receive a free case during COVID-19 pandemic,FALSE,Multiple sources,,FALSE
COVID-19: Video Of Patient Gasping For Breath Falsely Linked To ...,https://www.boomlive.in/fake-news/covid-19-video-of-patient-gasping-for-breath-falsely-linked-to-india-7439,Video shows COVID-19 patient struggling to breathe at a hospital in India,FALSE,Social media,,FALSE
The message that 'BBMP will be spraying medicine in the air after 10 PM tonight to kill COVID-19' is fake,https://factly.in/the-message-that-bbmp-will-be-spraying-medicine-in-the-air-after-10-pm-tonight-to-kill-covid-19-is-fake/,BBMP (Bruhat Bengaluru Mahanagara Palike) will be spraying medicine in the air after 10 PM tonight in order to kill COVID-19,FALSE,SOCIAL MEDIA POST,,FALSE
'Russophobic': Kremlin Denies Evidence of Russian COVID-19 Disinformation Campaign,https://www.polygraph.info/a/kremlin-blames-russophobia-for-report-on-russian-coronavirus-disinfo/30498024.html,"“It is about some groundless accusations. In fact, this Russophobic obsession could be expected to fade under the current situation, but it doesn’t seem to be fading,""",POLYGRAPH.False,Dmitry Peskov,,FALSE
"The press release on movement restriction for COVID-19 outbreak was issued by PMO-Malaysia, not PMO-India",https://factly.in/the-press-release-on-movement-restriction-for-covid-19-outbreak-was-issued-by-pmo-malaysia-not-pmo-india/,"Press Release on movement restriction for COVID-19 outbreak by National Security Council, PMO (India)",FALSE,SOCIAL MEDIA POST,,FALSE
"There’s limited data on how many Covid-19 tests are being done globally, but the UK doesn’t rank third in the world",https://fullfact.org/health/coronavirus-testing-numbers-UK/,UK is testing more people for Covid-19 than any country other than China and Italy.,"This is incorrect. As at 13 March, the latest data available when this claim was made, the UK ranked fifth (behind China, South Korea, Italy and Russia) for the number of Covid-19 tests carried out. These statistics only included the 38 countries and regions with official data on Covid-19 tests at that time.",BBC Today programme,,FALSE
Headline on discovery of COVID-19 drug false; story needs context,https://www.factrakers.org/post/headline-on-discovery-of-covid-19-drug-false-story-needs-context,Headline claims Japan 'finally' produces drug vs COVID-19,False: Drug developed in 2014 for flu,Netizen Express,,FALSE
Was the message about the new coronavirus published by UNICEF?,https://teyit.org/en/was-the-message-about-the-new-coronavirus-published-by-unicef/,CLAIM: The informative message about the Covid-19 on social media belongs to UNICEF.,Teyit.False,Sosyal Medya,,FALSE
Did President Trump Say 'People Are Dying Today That Have Never Died Before'?,https://www.snopes.com/fact-check/trump-quote-never-died-before/,"Referring to the ongoing COVID-19 pandemic, U.S. President Donald Trump said, ""People are dying today that have never died before.""",Snopes.False,,,FALSE
Is This Timeline of Trump's Coronavirus Responses Accurate?,https://www.snopes.com/fact-check/timeline-trump-covid19-responses/,A list documents U.S. President Donald Trump's various statements about the spread of COVID-19 coronavirus disease.,Snopes.Mostly True,,,TRUE
Australian News Report Edited To Show Bananas Defend Against COVID-19,https://www.boomlive.in/world/coronavirus/australian-news-report-edited-to-show-bananas-defend-against-covid-19-7266,"According to University of Queensland (Australia) scientists, bananas are an effective defence against the COVID-19.",FALSE,"Social Media users in the Phillipines, Philippine Presidential spokesperson Salvador Panelo",,FALSE
This video has been doctored -- scientists have not found bananas prevent coronavirus infection,https://factcheck.afp.com/video-has-been-doctored-scientists-have-not-found-bananas-prevent-coronavirus-infection,Genuine news report says Australian scientists found bananas prevent COVID-19,FALSE,Multiple sources,,FALSE
Vegan Instagram accounts spread misinformation about COVID-19,https://www.politifact.com/factchecks/2020/mar/18/instagram-posts/vegan-instagram-accounts-spread-misinformation-abo/,"""COVID-19 started because we eat animals.""",Mostly False,Instagram posts,,FALSE
Numbers on COVID-19 and H1N1 don't prove current outbreak response is 'hysteria',https://www.politifact.com/factchecks/2020/mar/18/viral-image/numbers-suggesting-h1n1-worse-covid-19-are-mislead/,"“President Trump, COVID-19 coronavirus: U.S. cases 1,329; U.S. deaths, 38; panic level: mass hysteria. President Obama, H1N1 virus: U.S. cases, 60.8 million; U.S. deaths, 12,469; panic level: totally chill. Do you all see how the media can manipulate your life.”",Mostly False,Viral image,,FALSE
"No, Americans aren't getting $700 weekly checks starting March 17 because of coronavirus",https://www.politifact.com/factchecks/2020/mar/18/facebook-posts/no-americans-arent-getting-700-weekly-checks-start/,"“All US citizens are entitled to $700 USD per week to stay at home to avoid the spread of COVID-19 novel coronavirus, starting from March 17.”",FALSE,Facebook posts,,FALSE
Was the message about the new coronavirus published by UNICEF?,https://teyit.org/en/was-the-message-about-the-new-coronavirus-published-by-unicef/,CLAIM: The informative message about the Covid-19 on social media belongs to UNICEF.,Teyit.False,Sosyal Medya,,FALSE
Did President Trump Say 'People Are Dying Today That Have Never Died Before'?,https://www.snopes.com/fact-check/trump-quote-never-died-before/,"Referring to the ongoing COVID-19 pandemic, U.S. President Donald Trump said, ""People are dying today that have never died before.""",Snopes.False,,,FALSE
Is This Timeline of Trump's Coronavirus Responses Accurate?,https://www.snopes.com/fact-check/timeline-trump-covid19-responses/,A list documents U.S. President Donald Trump's various statements about the spread of COVID-19 coronavirus disease.,Snopes.Mostly True,,,TRUE
Australian News Report Edited To Show Bananas Defend Against COVID-19,https://www.boomlive.in/world/coronavirus/australian-news-report-edited-to-show-bananas-defend-against-covid-19-7266,"According to University of Queensland (Australia) scientists, bananas are an effective defence against the COVID-19.",FALSE,"Social Media users in the Phillipines, Philippine Presidential spokesperson Salvador Panelo",,FALSE
This video has been doctored -- scientists have not found bananas prevent coronavirus infection,https://factcheck.afp.com/video-has-been-doctored-scientists-have-not-found-bananas-prevent-coronavirus-infection,Genuine news report says Australian scientists found bananas prevent COVID-19,FALSE,Multiple sources,,FALSE
"No, Americans aren't getting $700 weekly checks starting March 17 because of coronavirus",https://www.politifact.com/factchecks/2020/mar/18/facebook-posts/no-americans-arent-getting-700-weekly-checks-start/,"“All US citizens are entitled to $700 USD per week to stay at home to avoid the spread of COVID-19 novel coronavirus, starting from March 17.”",FALSE,Facebook posts,,FALSE
Numbers on COVID-19 and H1N1 don't prove current outbreak response is 'hysteria',https://www.politifact.com/factchecks/2020/mar/18/viral-image/numbers-suggesting-h1n1-worse-covid-19-are-mislead/,"“President Trump, COVID-19 coronavirus: U.S. cases 1,329; U.S. deaths, 38; panic level: mass hysteria. President Obama, H1N1 virus: U.S. cases, 60.8 million; U.S. deaths, 12,469; panic level: totally chill. Do you all see how the media can manipulate your life.”",Mostly False,Viral image,,FALSE
Vegan Instagram accounts spread misinformation about COVID-19,https://www.politifact.com/factchecks/2020/mar/18/instagram-posts/vegan-instagram-accounts-spread-misinformation-abo/,"""COVID-19 started because we eat animals.""",Mostly False,Instagram posts,,FALSE
Viral Posts Falsely Align Viruses to Election Years,https://www.factcheck.org/2020/03/viral-posts-falsely-align-viruses-to-election-years/,"COVID-19 is no worse than other outbreaks that have occurred in “every election year.""",FactCheck.False,Facebook posts,,FALSE
Hoax claim circulates online that Israel has no COVID-19 cases after it developed a 'cure',https://factcheck.afp.com/hoax-claim-circulates-online-israel-has-no-covid-19-cases-after-it-developed-cure,"Israel has no confirmed cases of the novel coronavirus, COVID-19",FALSE,Multiple sources,,FALSE
COVID-19 drinking water advice dry on evidence,https://www.aap.com.au/covid-19-drinking-water-advice-dry-on-evidence/,"A Facebook post from March 10, 2020 claims that drinking water regularly will kill COVID-19.",False - The primary claims of the content are factually inaccurate.,A Facebook user,,FALSE
eNCA incorrectly reports that Zimbabwe has a confirmed COVID-19 case,https://zimfact.org/zimbabwe-coronavirus-test/,Zimbabwe reported its first positive COVID-19 test on March 16.,"The claim is false. As of March 17, Zimbabwe still had no confirmed case of coronavirus.",Shahan Ramkissoon,,FALSE
Fake News Site Invents Story About COVID-19 Patient Zero Having ...,https://www.boomlive.in/fake-news/fake-news-site-invents-story-about-covid-19-patient-zero-having-sex-with-bats-7407,Coronavirus patient zero had sex with bats,FALSE,World News Daily Report,,FALSE
Did US 'Refuse' COVID-19 Testing Kits from the World Health Organization?,https://www.snopes.com/fact-check/us-coronavirus-test/,"The United States ""refused"" COVID-19 diagnostic tests offered by the World Health Organization.",Snopes.Mixture,,,FALSE
Is Amazon Suspending All Deliveries Except Medical Supplies?,https://www.snopes.com/fact-check/amazon-suspending-deliveries-covid/,Amazon announced that it was suspending all deliveries except for medical supplies during the COVID-19 pandemic.,Snopes.Mostly False,,,FALSE
"No, Korean drama 'My Secret, Terrius' did not 'predict' COVID-19",https://www.altnews.in/no-korean-drama-my-secret-terrius-did-not-predict-covid-19/,"Korean drama 'My Secret, Terrius' predicted coronavirus outbreak",FALSE,Social media and mainstream media,,FALSE
Fact Check: Don't believe this home remedy to cure Covid-19,https://www.indiatoday.in/fact-check/story/do-not-believe-this-home-remedy-cure-covid-19-1660728-2020-03-28,Inhaling the steam of sea salt and orange peelings can prevent coronavirus infection.,Mostly false,Linwood Waller and other Facebook users,,FALSE
Video Of Mock Drill On COVID-19 Preparedness In Punjab Viral As Real,https://www.boomlive.in/fake-news/video-of-mock-drill-on-covid-19-preparedness-in-punjab-viral-as-real-7254,Video shows policemen arrested patients of COVID-19 in Punjab,FALSE,Social media,,FALSE
Are These Vegan Foods Left Unsold During the COVID-19 Pandemic?,https://www.snopes.com/fact-check/vegan-food-unsold/,A photograph shows store shelves stripped of all foodstuffs except for vegan products during the COVID-19 pandemic.,Snopes.Miscaptioned,Multiple Sources,,FALSE
